{
  "metadata": {
    "name": "Biquge9x",
    "author": "Nahona",
    "version": 1,
    "source": "https://novel-api.elklk.cn",
    "regexp": "(www.)?(novel-api.elklk|novel-api.xiaoppkk|novel-api.xiaoshuottaa|novelapp.pvlmnez|nov-api.chiyantu|novelapi.qwezxc|novel-api.xiaoxiaommkk).(cn|com)/h5/(.*?)",
    "description": "",
    "locale": "zh_CN",
    "language": "javascript",
    "type": "chinese_novel"
  },
  "script": {
    "home": "home.js",
    "detail": "detail.js",
    "toc": "toc.js",
    "genre": "genre.js",
    "search": "search.js",
    "chap": "chap.js"
  }
}