{
  "metadata": {
    "name": "xiaojiaren",
    "author": "Nahona",
    "version": 2,
    "source": "https://www.xiaojiaren.com",
    "regexp": "(m.|www.)?xiaojiaren.com/book/\\d+.html",
    "description": "v2: fix thiếu text, fix search",
    "locale": "zh_CN",
    "language": "javascript",
    "type": "chinese_novel"
  },
  "script": {
    "home": "home.js",
    "detail": "detail.js",
    "toc": "toc.js",
    "genre": "genre.js",
    "page": "page.js",
    "search": "search.js",
    "chap": "chap.js"
  }
}