{
  "metadata": {
    "name": "Top Truyện",
    "author": "Nahona",
    "version": 11,
    "source": "https://www.toptruyen68.pro/",
    "regexp": "(www\.)?(toptruyento\.pro|doctruyen3qx\.pro|toptruyen68\.pro)/truyen-tranh/(.*?)/(.*?)",
    "description": "",
    "locale": "vi_VN",
    "language": "javascript",
    "type": "comic"
  },
  "script": {
    "home": "home.js",
    "detail": "detail.js",
    "toc": "toc.js",
    "genre": "genre.js",
    "search": "search.js",
    "chap": "chap.js"
  }
}