{
  "metadata": {
    "name": "Top Truyện II",
    "author": "Nahona",
    "version": 15,
    "source": "https://www.toptruyentv.net/",
    "regexp": "(www\\.)?(toptruyento\\.pro|doctruyen3qx\\.pro|toptruyentv\\.net)/truyen-tranh/(.*?)/(.*?)",
    "description": "",
    "locale": "vi_VN",
    "language": "javascript",
    "type": "comic"
  },
  "script": {
    "home": "home.js",
    "detail": "detail.js",
    "toc": "toc.js",
    "genre": "genre.js",
    "search": "search.js",
    "chap": "chap.js"
  }
}