{
  "metadata": {
    "name": "Uaa",
    "author": "Nahona",
    "version": 2,
    "source": "https://www.uaa.com",
    "regexp": "(www.|m.)?uaa.com/api/novel/app/novel/intro[?]id=\\d+",
    "description": "V2: Sửa lỗi không hiển thị nội dung của các chapters cần đăng nhập",
    "locale": "zh_CN",
    "language": "javascript",
    "type": "chinese_novel",
    "tag": "nsfw"
  },
  "script": {
    "home": "home.js",
    "detail": "detail.js",
    "search": "search.js",
    "toc": "toc.js",
    "genre": "genre.js",
    "chap": "chap.js"
  }
}