{
  "metadata": {
    "name": "book18",
    "author": "Nahona",
    "version": 3,
    "source": "http://www.book18.org",
    "regexp": "(www.)?book18.org/(book|article)/(.*?)?$",
    "description": "V3: Fix lỗi load chapter mục thể loại",
    "locale": "zh_CN",
    "language": "javascript",
    "type": "chinese_novel",
    "tag": "nsfw"
  },
  "script": {
    "home": "home.js",
    "detail": "detail.js",
    "toc": "toc.js",
    "genre": "genre.js",
    "search": "search.js",
    "chap": "chap.js"
  }
}