{
  "metadata": {
    "name": "sinodan",
    "author": "Nahona",
    "version": 2,
    "source": "http://www.sinodan.link",
    "regexp": "(www.)?sinodan.link/list/\\d+.html",
    "description": "Đọc truyện trên trang sinodan",
    "locale": "zh_CN",
    "language": "javascript",
    "type": "chinese_novel",
    "tag": "nsfw"
  },
  "script": {
    "home": "home.js",
    "detail": "detail.js",
    "toc": "toc.js",
    "page": "page.js",
    "search": "search.js",
    "chap": "chap.js"
  }
}